video_id,title,publishedAt,channelId,channelTitle,categoryId,trending_date,tags,view_count,likes,dislikes,comment_count,thumbnail_link,comments_disabled,ratings_disabled,description
"fRmb5sxW6Is","Lahirnya Ukkasya Muhammad Syahki","2021-03-30T14:18:34Z","UCWVR1-02IIoipECZlZYNMog","The Sungkars Family","24","trending_date","tags","view_count","likes","dislikes","comment_count","thumbnail_link","comments_disabled","ratings_disabled","description"
"u5zIOlZ7uZM","MASYAALLAH, HARI PERTAMA BARENG BABY UKKASYA","2021-03-31T12:36:59Z","UCWVR1-02IIoipECZlZYNMog","The Sungkars Family","24","trending_date","tags","view_count","likes","dislikes","comment_count","thumbnail_link","comments_disabled","ratings_disabled","description"
"p0yBVvz7d24","DIMAKI BENCHONXZ‚ÄºÔ∏èü§£ RUBEN ONSU SAMA GUE VS IVAN GUNAWAN - Deddy Corbuzier Podcast","2021-03-27T01:46:00Z","UCYk4LJI0Pr6RBDWowMm-KUw","Deddy Corbuzier","24","trending_date","tags","view_count","likes","dislikes","comment_count","thumbnail_link","comments_disabled","ratings_disabled","description"
"DPjsvuiC9yM","Kilang Minyak Pertamina Di Indramayu Terbakar","2021-03-29T01:00:15Z","UCKII0Ml9S5wneKbHswmUrIQ","CNN Indonesia","25","trending_date","tags","view_count","likes","dislikes","comment_count","thumbnail_link","comments_disabled","ratings_disabled","description"
"8M3WUaeIbOk","BAEKHYUN Î∞±ÌòÑ 'Bambi' MV","2021-03-30T09:01:01Z","UCEf_Bc-KVd7onSeifS3py9g","SMTOWN","10","trending_date","tags","view_count","likes","dislikes","comment_count","thumbnail_link","comments_disabled","ratings_disabled","description"
"kAGIwuA1Hvs","Rossa - The Heart You Hurt (Official MV)","2021-03-31T11:00:13Z","UClMQ1QriptEXMpMBw_8EeqQ","Rossa Official","24","trending_date","tags","view_count","likes","dislikes","comment_count","thumbnail_link","comments_disabled","ratings_disabled","description"
"ApLFIEIk3eA","MotoGP‚Ñ¢ Last Lap | 2021 #QatarGP","2021-03-29T04:00:05Z","UC8pYaQzbBBXg9GIOHRvTmDQ","MotoGP","17","trending_date","tags","view_count","likes","dislikes","comment_count","thumbnail_link","comments_disabled","ratings_disabled","description"
"86hZusn8L38","JOMBLO YAAA !!!","2021-03-29T12:39:25Z","UCXfb0tTEMp2wq__vQi76dMw","Billy Syahputra","24","trending_date","tags","view_count","likes","dislikes","comment_count","thumbnail_link","comments_disabled","ratings_disabled","description"
"UKXeico0yeI","TREASURE - 'BEAUTIFUL' M/V","2021-03-31T10:00:16Z","UCx9hXYOCvUYwrprEqe4ZQHA","TREASURE (Ìä∏Î†àÏ†Ä)","24","trending_date","tags","view_count","likes","dislikes","comment_count","thumbnail_link","comments_disabled","ratings_disabled","description"
"WSLS-TEWmVY","Selamat tinggal Barang Lama! Hammer Jam KEMBALI! (Clash of Clans)","2021-03-31T08:09:50Z","UC77IKln3aB-2JNdHkrhUd8g","Clash of Clans Indonesia","20","trending_date","tags","view_count","likes","dislikes","comment_count","thumbnail_link","comments_disabled","ratings_disabled","description"
"_DLsnc4hQgA","Situasi Mencekam Pasca Ledakan Pertamina Balongan Indramayu","2021-03-29T03:55:44Z","UCovqoUzPm9_s6mMt9OiWKpA","Harian Kompas","25","trending_date","tags","view_count","likes","dislikes","comment_count","thumbnail_link","comments_disabled","ratings_disabled","description"
"EbV2VhtTMvU","Superstar Diajak Duet Tri Suaka!! Via Vallen Nyesel Abis! - I Can See Your Voice Indonesia 5","2021-03-29T16:15:00Z","UCA-KYOJLhC9IbgwiMp5zE4A","I Can See Your Voice Indonesia","24","trending_date","tags","view_count","likes","dislikes","comment_count","thumbnail_link","comments_disabled","ratings_disabled","description"
"80o5oVlvtdc","Ali Imron: Masih Banyak yang REBUTAN untuk Daftar Aksi Bom Bunuh Diri | tvOne","2021-03-29T12:08:38Z","UCER4rvDnRBPr_ncYW4UCZjg","tvOneNews","25","trending_date","tags","view_count","likes","dislikes","comment_count","thumbnail_link","comments_disabled","ratings_disabled","description"
"1FblFwvZBGY","SERIUS.. ADA APA LOE SAMA BETRAND PETO‚ÅâÔ∏è RUBEN ONSU. IVAN GUNAWAN  - Deddy Corbuzier Podcast","2021-03-28T01:47:00Z","UCYk4LJI0Pr6RBDWowMm-KUw","Deddy Corbuzier","24","trending_date","tags","view_count","likes","dislikes","comment_count","thumbnail_link","comments_disabled","ratings_disabled","description"
"I6VNI5VDt74","CARA SEMBUNYIIN MAKANAN DI PESAWAT || Ide-Ide Keren Ngumpetin Makanan oleh 123 GO!","2021-03-25T11:30:03Z","UC43nz9qnZ7AIrbOlfxejTig","123 GO! Indonesian","26","trending_date","tags","view_count","likes","dislikes","comment_count","thumbnail_link","comments_disabled","ratings_disabled","description"
"y8wbp_qyK3U","TANGIS IGUN PECAH LIAT PERJUANGAN AURRA KHARISHMA","2021-03-30T03:00:56Z","UCfine-VxsozjW6FnssQkwLg","Ivan Gunawan","26","trending_date","tags","view_count","likes","dislikes","comment_count","thumbnail_link","comments_disabled","ratings_disabled","description"
"V-1xEjs7LQk","DEWA KIPAS VS GM IRENE SUKANDAR","2021-03-22T09:28:00Z","UCYk4LJI0Pr6RBDWowMm-KUw","Deddy Corbuzier","24","trending_date","tags","view_count","likes","dislikes","comment_count","thumbnail_link","comments_disabled","ratings_disabled","description"
"GNx5fnhNi_E","BTS(Î∞©ÌÉÑÏÜåÎÖÑÎã®) - Life Goes On (Let's BTS!) l KBS WORLD TV 210329","2021-03-29T16:28:09Z","UC5BMQOsAB8hKUyHu9KI6yig","KBS WORLD TV","24","trending_date","tags","view_count","likes","dislikes","comment_count","thumbnail_link","comments_disabled","ratings_disabled","description"
"piqCeAEPRQY","Penampakan Terkini  Kilang Minyak Pertamina Terbakar di Indramayu","2021-03-29T07:57:53Z","UCKII0Ml9S5wneKbHswmUrIQ","CNN Indonesia","25","trending_date","tags","view_count","likes","dislikes","comment_count","thumbnail_link","comments_disabled","ratings_disabled","description"
"k6bg4cXxFaU","Pengemis Kerap Meludahi Pengendara Jika Tak Diberi Uang | REDAKSI SORE (27/03/21)","2021-03-29T13:00:28Z","UC96DbGaroMfqTkEjObGFl2g","REDAKSI TRANS7 OFFICIAL","25","trending_date","tags","view_count","likes","dislikes","comment_count","thumbnail_link","comments_disabled","ratings_disabled","description"
"mSx8MrRz5Bc","Polisi Dibentak, Pantas Warga Takut Lapor","2021-03-26T13:00:20Z","UC7Zgj5p9QOuz65oDU51Jlng","Rana Films","22","trending_date","tags","view_count","likes","dislikes","comment_count","thumbnail_link","comments_disabled","ratings_disabled","description"
"-fVx_EiIT8E","RAFFI NGAKU PERNAH NAKSIR SAMA CELINE EVANGELISTA! | RAFFI AND FRIENDS (27/3/21) P1","2021-03-29T09:52:21Z","UCIohHXwCEKxWCLvAguJ-GjA","TRANS TV Official","24","trending_date","tags","view_count","likes","dislikes","comment_count","thumbnail_link","comments_disabled","ratings_disabled","description"
"TF33__khR5Q","Polisi Tangkap 2 Orang Diduga terkait Bom di Gereja Katedral Makassar","2021-03-29T07:04:39Z","UCQA6NejSxQguRkD3L8eXHzA","iNews id","25","trending_date","tags","view_count","likes","dislikes","comment_count","thumbnail_link","comments_disabled","ratings_disabled","description"
"E_SZ3ObGyTA","BTS (Î∞©ÌÉÑÏÜåÎÖÑÎã®) 'Film out' Official Teaser","2021-03-25T15:00:04Z","UC3IZKseVpdzPSBaWxBxundA","HYBE LABELS","10","trending_date","tags","view_count","likes","dislikes","comment_count","thumbnail_link","comments_disabled","ratings_disabled","description"
"tfzn8W4hxVU","SURPRISE YUSUKE BELIIN LAPTOP BARU! SAMPE KAGET DAN TERHARU","2021-03-27T13:49:01Z","UC1Gmqqs_Myzl2KHIeqfUC9A","Nihongo Mantappu","22","trending_date","tags","view_count","likes","dislikes","comment_count","thumbnail_link","comments_disabled","ratings_disabled","description"
"d0Gz4VX1KwI","Billy Syahputra diajarin Memes ???","2021-03-31T15:37:42Z","UCXfb0tTEMp2wq__vQi76dMw","Billy Syahputra","24","trending_date","tags","view_count","likes","dislikes","comment_count","thumbnail_link","comments_disabled","ratings_disabled","description"
"reUCcoKO9Qw","Lesti Pacaran Diem-Diem Sampe disidang Keluarga!!! | MURANGKALIH with Armand Maulana","2021-03-26T11:00:17Z","UCaS9W13Byv_DkEi8JA0dz8A","Armand Maulana","22","trending_date","tags","view_count","likes","dislikes","comment_count","thumbnail_link","comments_disabled","ratings_disabled","description"
"4X2QZkJAhKQ","Ungkapan Hati Aurel Kepada Orang Tua Dan Keluarga  - IKATAN CINTA ATTA & AUREL PENGAJIAN","2021-03-20T13:19:33Z","UCeM5Nksgv9_FXTuZ8jkPJPg","RCTI - ENTERTAINMENT","24","trending_date","tags","view_count","likes","dislikes","comment_count","thumbnail_link","comments_disabled","ratings_disabled","description"
"TONzP86JBuY","Bernyanyi Menari! Betrand & Anneth Gaada Duanya [SEMENJAK ADA DIRIMU] - Kilau Konser Betrand Jilid 3","2021-03-28T14:00:06Z","UC34xi8JB1AKSotPUKHywbaA","MNCTV Official","24","trending_date","tags","view_count","likes","dislikes","comment_count","thumbnail_link","comments_disabled","ratings_disabled","description"
"psBgkso1NQI","Kisah Untuk Geri - Official Trailer | Episode 7","2021-03-26T13:00:13Z","UC3e0KfJEE6s46nn6_N-DMaQ","MD Entertainment","1","trending_date","tags","view_count","likes","dislikes","comment_count","thumbnail_link","comments_disabled","ratings_disabled","description"
"hQBEOEM-bO0","LILI's FILM - '0327' Photobook Unboxing","2021-03-31T03:00:21Z","UC35HKvKYPkri4Grd5KXl3wQ","Lilifilm Official","24","trending_date","tags","view_count","likes","dislikes","comment_count","thumbnail_link","comments_disabled","ratings_disabled","description"
"l4JMjvGWt50","AKHIRNYA MEREKA BERSATU!","2021-03-25T06:00:05Z","UCfine-VxsozjW6FnssQkwLg","Ivan Gunawan","26","trending_date","tags","view_count","likes","dislikes","comment_count","thumbnail_link","comments_disabled","ratings_disabled","description"
"v7bnOxV4jAc","[MV] IU(ÏïÑÏù¥Ïú†)_LILAC(ÎùºÏùºÎùΩ)","2021-03-25T09:00:31Z","UCweOkPb1wVVH0Q0Tlj4a5Pw","1theK (ÏõêÎçîÏºÄÏù¥)","24","trending_date","tags","view_count","likes","dislikes","comment_count","thumbnail_link","comments_disabled","ratings_disabled","description"
"0YxQSIyAG18","TANTANGAN FONDUE AIR MANCUR COKELAT || Cokelat VS Makanan Asli selama 24 Jam oleh 123 GO! CHALLENGE","2021-03-18T11:00:00Z","UC-S7cyZCojMeVopBkH6yNEw","123 GO! CHALLENGE Indonesian","26","trending_date","tags","view_count","likes","dislikes","comment_count","thumbnail_link","comments_disabled","ratings_disabled","description"
"yXF4HqEgC_0","KAKAK SMA vs ADIK KECIL || Saudaraku Nyebelin Banget Selama 24 Jam! Perang  Saudara Lucu oleh RATATA","2021-03-29T01:00:13Z","UCOrr1XwI__pq0Xldd37IJJQ","RATATA Indonesian","24","trending_date","tags","view_count","likes","dislikes","comment_count","thumbnail_link","comments_disabled","ratings_disabled","description"
"chLtOog8QEw","Ungkapan Hati Aurel Dengan Krisdayanti  - IKATAN CINTA ATTA & AUREL PENGAJIAN","2021-03-20T13:16:16Z","UCeM5Nksgv9_FXTuZ8jkPJPg","RCTI - ENTERTAINMENT","24","trending_date","tags","view_count","likes","dislikes","comment_count","thumbnail_link","comments_disabled","ratings_disabled","description"
"AlvEGWHGQ2Q","Pangeran, Mingguan: Kisah Fikri Mengenang Sosok Ayah Freddy Budiman","2021-03-26T08:52:48Z","UCeXBXzelo7MvLkMr3dAKODQ","Asumsi","22","trending_date","tags","view_count","likes","dislikes","comment_count","thumbnail_link","comments_disabled","ratings_disabled","description"
"pwSCypHaqPk","Lesti Kejora - Rizky Billar Part 2 | Christie SERIBU KALI CINTA THE SERIES Eps 10","2021-03-28T09:00:17Z","UCkCoHqyT1IqmY2AOEs0kN_g","KapanLagiDotCom","24","trending_date","tags","view_count","likes","dislikes","comment_count","thumbnail_link","comments_disabled","ratings_disabled","description"
"Voyqr8TyrDU","MOMENT KEDEKATAN BILLY SYAHPUTRA & MEMES PRAMESWARI DI LOKASI SYUTING","2021-03-31T04:11:43Z","UCpqpwbaViy1OIlwTLPEp9NQ","seleb cam","24","trending_date","tags","view_count","likes","dislikes","comment_count","thumbnail_link","comments_disabled","ratings_disabled","description"
"LYNjvvJvwH8","Super AMOLED, 2.39 Jutaan, Tahan Air: Review Redmi Note 10 RESMI Indonesia","2021-03-30T13:37:48Z","UCbyVnlQdFIcdViuoPIPK68A","Jagat Review","28","trending_date","tags","view_count","likes","dislikes","comment_count","thumbnail_link","comments_disabled","ratings_disabled","description"
"TJ4lXhVdlyU","That Time I Got Reincarnated as a Slime - Episode 36 [English Sub]","2021-03-30T15:30:11Z","UCGbshtvS9t-8CW11W7TooQg","Muse Asia","1","trending_date","tags","view_count","likes","dislikes","comment_count","thumbnail_link","comments_disabled","ratings_disabled","description"
"8tlfdxL2TNs","Keren Abis!! Penampilan Judika & Rossa Feat Weird Genius - Spekta Show TOP 4 Indonesian Idol 2021","2021-03-22T20:13:00Z","UCxcS3gOeEOdim7CwL9l0QvA","Indonesian Idol Special Season","10","trending_date","tags","view_count","likes","dislikes","comment_count","thumbnail_link","comments_disabled","ratings_disabled","description"
"kevZAD0_Am0","MAKANAN DARI COKELAT VS ASLI VS REAL || Tantangan Makanan Yang Menggiurkan oleh 123 GO! GOLD","2021-03-30T09:42:49Z","UCwIzd032IQjvJ9larkdcwgg","123 GO! GOLD Indonesian","24","trending_date","tags","view_count","likes","dislikes","comment_count","thumbnail_link","comments_disabled","ratings_disabled","description"
"yOVSgzp4O9s","The Victory of the Underdog! | Germany vs. North Macedonia 1-2 | Highlights | World Cup Qualifiers","2021-03-31T22:00:19Z","UC7am34-1rGU_ky1vWYnoOJQ","German Football","17","trending_date","tags","view_count","likes","dislikes","comment_count","thumbnail_link","comments_disabled","ratings_disabled","description"
"6xz1bay-6dQ","[#ÌïòÏù¥ÎùºÏù¥Ìä∏#]ÎìúÎîîÏñ¥ ÎßåÎÇ® ÏÑ±ÏÇ¨! ÏßÑÏßú BTSÏôÄ BTS Ïó¨Í≥†ÏÉùÏùò ÎßåÎÇ®! ÏÇ¥ÏïÑÍ≥ÑÏÑ∏Ïöî?#Ïú†ÌÄ¥Ï¶àÏò®ÎçîÎ∏îÎü≠ | YOU QUIZ ON THE BLOCK EP.99","2021-03-24T14:14:47Z","UC920m3pMPH45qztdhppZhwA","Ïú† ÌÄ¥Ï¶à Ïò® Îçî ÌäúÎ∏å","24","trending_date","tags","view_count","likes","dislikes","comment_count","thumbnail_link","comments_disabled","ratings_disabled","description"
"xY6e_ZQwzIg","KIAT BUAT ORANG TINGGI DAN PENDEK || Situasi Canggung dan Fakta yang Relate oleh 123 GO!","2021-03-22T14:15:02Z","UC43nz9qnZ7AIrbOlfxejTig","123 GO! Indonesian","26","trending_date","tags","view_count","likes","dislikes","comment_count","thumbnail_link","comments_disabled","ratings_disabled","description"
"UxZThoSpaP4","DOAIN SPIKE YA TEMEN - TEMEN!","2021-03-25T02:38:57Z","UCvDJ5dtuPZJRV0wn5O9rsvQ","Ezron Tarigan","24","trending_date","tags","view_count","likes","dislikes","comment_count","thumbnail_link","comments_disabled","ratings_disabled","description"
"EfOBl-eKoP4","Terungkap Identitas Pelaku Bom Bunuh Diri di Gereja Katedral Makassar, Polisi Ungkap Sosoknya","2021-03-29T03:50:18Z","UCmxAIW7RDDC88EPk4ry16Kg","Tribunnews.com","25","trending_date","tags","view_count","likes","dislikes","comment_count","thumbnail_link","comments_disabled","ratings_disabled","description"
"6MEyBnVss9Q","WayV Â®ÅÁ•ûV 'Action Figure' Performance Video","2021-03-26T10:00:01Z","UC-ZHt5Zgadfx-B1CM63Lqew","WayV","10","trending_date","tags","view_count","likes","dislikes","comment_count","thumbnail_link","comments_disabled","ratings_disabled","description"
"Bax-BM93_HA","Kamen Rider Zi-O RTV : Pencarian Ohmazio Masa Lalu (Episode 1)","2021-03-29T10:00:06Z","UCfYNY2kNtdk7y7VF9nhSyBA","Kamen Rider Indonesia RTV","1","trending_date","tags","view_count","likes","dislikes","comment_count","thumbnail_link","comments_disabled","ratings_disabled","description"
"7rUom58ZPhs","TANTANGAN EPIC MAKANAN 100 LAPIS! || Coklat 100 Lapis, Permen Karet! Percobaan Lucu oleh RATATA BOOM","2021-03-26T02:00:01Z","UCyNjDKW9XGAsUdmv21KDwFA","RATATA BOOM! Indonesian","22","trending_date","tags","view_count","likes","dislikes","comment_count","thumbnail_link","comments_disabled","ratings_disabled","description"
"9QzLlRkLhzA","Kpop Group ENHYPEN Tries Some of The Hardest TikToks | TikTok Challenges Challenge | Cosmopolitan","2021-03-29T23:00:01Z","UC4LADtN8xwppFydHUB1s5uA","Cosmopolitan","24","trending_date","tags","view_count","likes","dislikes","comment_count","thumbnail_link","comments_disabled","ratings_disabled","description"
"EIClOUIRqMY","Cafe 7 DREAM","2021-03-31T15:00:04Z","UCXURHJRGr4-EB3l87kcbElw","NCT DREAM","22","trending_date","tags","view_count","likes","dislikes","comment_count","thumbnail_link","comments_disabled","ratings_disabled","description"
"-HVfBljdSWE","Í∞ïÏäπÏú§(KANG SEUNG YOON) - 'ÏïÑÏù¥Ïïº (IYAH)' M/V","2021-03-29T09:00:00Z","UCayQxFAoFCvGariuQCtHRGQ","WINNER","10","trending_date","tags","view_count","likes","dislikes","comment_count","thumbnail_link","comments_disabled","ratings_disabled","description"
"zxpKQaf8V8M","LIVE: Countdown to the #QatarGP!","2021-03-28T17:08:34Z","UC8pYaQzbBBXg9GIOHRvTmDQ","MotoGP","17","trending_date","tags","view_count","likes","dislikes","comment_count","thumbnail_link","comments_disabled","ratings_disabled","description"
"iBku4OuZfvs","ÎπÖÌûàÌä∏ Ï†ïÎèÑÏ†Ñ Ïù¥ÌòÑ! ÎπÖÌûàÌä∏ Ïã†ÏÇ¨Ïò• Ìà¨Ïñ¥ÌïòÎã§","2021-03-30T11:00:01Z","UCppou5iYD1t_sMx2t_DHikw","ÌòÄÎãàÏΩ§Î≥¥ TV","22","trending_date","tags","view_count","likes","dislikes","comment_count","thumbnail_link","comments_disabled","ratings_disabled","description"
"yhXhSOUeDKA","Penggandaan Uang ? INI MAINAN ANAK !! ~ #ILMUMERAH","2021-03-26T10:30:03Z","UC6MPC52WuxbE2n7QQ23qvjw","Marcel Radhival","24","trending_date","tags","view_count","likes","dislikes","comment_count","thumbnail_link","comments_disabled","ratings_disabled","description"
"5FIYV_71lRs","Alasan Marcell Siahaan Memeluk Agama Islam - Daniel Tetangga Kamu","2021-03-31T09:00:00Z","UC0zTYTRQe77tnOIS03HaNeg","Daniel Mananta Network","24","trending_date","tags","view_count","likes","dislikes","comment_count","thumbnail_link","comments_disabled","ratings_disabled","description"
"Svz5F8J1Ap0","MAHALINI - MELAWAN RESTU (OFFICIAL MUSIC VIDEO)","2021-03-26T08:00:15Z","UCYJo04cZFlwL3XNnJ8aYtTw","HITS Records","10","trending_date","tags","view_count","likes","dislikes","comment_count","thumbnail_link","comments_disabled","ratings_disabled","description"
"Wn_tuZ86oNI","Rp2.3 Juta dapet Super AMOLED! UNBOXING XIAOMI REDMI NOTE 10 & NOTE 10 PRO!!","2021-03-30T13:38:33Z","UC1dI4tO13ApuSX0QeX8pHng","GadgetIn","28","trending_date","tags","view_count","likes","dislikes","comment_count","thumbnail_link","comments_disabled","ratings_disabled","description"
"mu97cXF-7cA","BURGER LOVANO LOVETO","2021-03-20T05:05:44Z","UCbcqLlPfZ5GTc-mNLkYTz1g","Fadil Jaidi","24","trending_date","tags","view_count","likes","dislikes","comment_count","thumbnail_link","comments_disabled","ratings_disabled","description"
"6swmTBVI83k","Lil Nas X - MONTERO (Call Me By Your Name) (Official Video)","2021-03-26T04:00:14Z","UCtTfSyci2urfwXXu_eRpNRA","LilNasXVEVO","10","trending_date","tags","view_count","likes","dislikes","comment_count","thumbnail_link","comments_disabled","ratings_disabled","description"
"va5zUR0fSkM","Saat Teduh - MATI ADALAH KEUNTUNGAN JIKA HIDUP ADALAH KRISTUS | 31/03/21 (Official Philip Mantofa)","2021-03-31T13:21:43Z","UCaxNFw2ryxzjSAxRVP-0Dfg","Philip Mantofa","29","trending_date","tags","view_count","likes","dislikes","comment_count","thumbnail_link","comments_disabled","ratings_disabled","description"
"BpFqFWdBO2o","[THE BOX OST] CHANYEOL Ï∞¨Ïó¥ 'Without You' Track MV","2021-03-25T09:00:08Z","UCzCedBCSSltI1TFd3bKyN6g","EXO","10","trending_date","tags","view_count","likes","dislikes","comment_count","thumbnail_link","comments_disabled","ratings_disabled","description"
"ljRlgCAWLGY","SUPER JUNIOR ÏäàÌçºÏ£ºÎãàÏñ¥ ‚ÄòHouse Party' Special Video - House ver.","2021-03-29T09:00:27Z","UCFipx49muiJ8-d2YsnLlNVw","SUPER JUNIOR","10","trending_date","tags","view_count","likes","dislikes","comment_count","thumbnail_link","comments_disabled","ratings_disabled","description"
"MgEf2zZTixU","DENNY CAGUR & TEH SHANTY NUMPANG MAKAN KE RUMAH TAPI KOK MALAH MARAH?! | NUMPANG MAKAN (EP 01)","2021-03-23T09:30:16Z","UCQSAJ5q8bPdoE8UsoEq6_Kg","SUNAH OFFICIAL","24","trending_date","tags","view_count","likes","dislikes","comment_count","thumbnail_link","comments_disabled","ratings_disabled","description"
"N2SbcKKdfi4","Nadin Amizah - seperti takdir kita yang tulis (Official Lyric Video)","2021-03-26T07:00:04Z","UCrorPql9QrqeSBNFNckfEcw","Nadin Amizah","10","trending_date","tags","view_count","likes","dislikes","comment_count","thumbnail_link","comments_disabled","ratings_disabled","description"
"DF_scSQac7Y","TXT (Ìà¨Î™®Î°úÏö∞Î∞îÏù¥Ìà¨Í≤åÎçî) 'Poppin' Star' Dance Practice","2021-03-31T10:00:01Z","UCtiObj3CsEAdNU6ZPWDsddQ","TOMORROW X TOGETHER OFFICIAL","10","trending_date","tags","view_count","likes","dislikes","comment_count","thumbnail_link","comments_disabled","ratings_disabled","description"
"vs-gfy3Pv1c","Akhir Tak Bahagia - Misellia (Official Music Video)","2021-03-26T12:00:14Z","UCtbcFlBvOw9RmN6eSN89n6g","Misellia Ikwan","24","trending_date","tags","view_count","likes","dislikes","comment_count","thumbnail_link","comments_disabled","ratings_disabled","description"
"RVv6we9C4LE","Syahiba Saufa ft Ageng Music - Mawar Putih (Official Live Music)","2021-03-25T02:30:16Z","UC0hu5W5Ne6JrDDwH77nc_jg","Global Musik Era Digital","10","trending_date","tags","view_count","likes","dislikes","comment_count","thumbnail_link","comments_disabled","ratings_disabled","description"
"-5DfTuEUH-o","Ungu & Lesti - Bismillah Cinta (Behind The Scene)","2021-03-23T09:40:22Z","UCebb7o98FEA73WjNsCja5Xg","Trinity Optima Production","22","trending_date","tags","view_count","likes","dislikes","comment_count","thumbnail_link","comments_disabled","ratings_disabled","description"
"gToNcw2zYQI","PERTEMUAN TERAKHIR SPIKE DENGAN NALA DAN ANAK2 NYA","2021-03-30T01:49:36Z","UCvDJ5dtuPZJRV0wn5O9rsvQ","Ezron Tarigan","24","trending_date","tags","view_count","likes","dislikes","comment_count","thumbnail_link","comments_disabled","ratings_disabled","description"
"K2OPSfGdD9w","UN1TY - 'RESTU WAKTU' M/V","2021-03-31T12:00:20Z","UCVvMtyC5TSZT0Ykq04mc2ow","1IDMusic","10","trending_date","tags","view_count","likes","dislikes","comment_count","thumbnail_link","comments_disabled","ratings_disabled","description"
"yoC97kNss5g","[TREASURE MAP] EP.39 üë∂üèª Ïö∞Î¶¨ ÏïÑÏù¥ÎèåÏù¥ Îã¨ÎùºÏ°åÏñ¥Ïöî üë∂üèª Ìä∏Î†àÏ†Ä Î≤†Ïù¥ÎπÑÏãúÌÑ∞","2021-03-26T03:00:22Z","UCx9hXYOCvUYwrprEqe4ZQHA","TREASURE (Ìä∏Î†àÏ†Ä)","24","trending_date","tags","view_count","likes","dislikes","comment_count","thumbnail_link","comments_disabled","ratings_disabled","description"
"fb3mOuCP1KA","Syifa Hadju & Angga Yunanda - Cinta Hebat (Full Length Music Video From Kisah Untuk Geri The Series)","2021-03-26T12:00:15Z","UCD1_105ug72aMvfZek44nhA","MD Music","10","trending_date","tags","view_count","likes","dislikes","comment_count","thumbnail_link","comments_disabled","ratings_disabled","description"
"4q_o0VJFAic","Rossa - The Heart You Hurt (MV Teaser 2)","2021-03-31T05:00:01Z","UClMQ1QriptEXMpMBw_8EeqQ","Rossa Official","24","trending_date","tags","view_count","likes","dislikes","comment_count","thumbnail_link","comments_disabled","ratings_disabled","description"
"BRic4CZRu28","üò≠INI ORANG KEJAM BANGETüò≠","2021-03-22T10:00:06Z","UCXkRFUruW9lg4hEBILMVkPQ","Korea Reomit","22","trending_date","tags","view_count","likes","dislikes","comment_count","thumbnail_link","comments_disabled","ratings_disabled","description"
"c3ML0OosA_Q","BUAT PARA FINALIS GAGAL MASTERCHEF YANG DENDAM CHEF ARNOLD | seloWoles #3","2021-03-26T11:11:17Z","UCUcBFGAfOzut1x4GSWa6Akg","Tim2one - ChandraLiow","24","trending_date","tags","view_count","likes","dislikes","comment_count","thumbnail_link","comments_disabled","ratings_disabled","description"
"PBPick_V7xY","SEMPROD : MARSHEL WIDIANTO BIKIN GADING UUS ANDHIKA BORIS NANGIS! MAIN KE KOSAN DAPET PROGRAM BARU?!","2021-03-31T12:00:09Z","UC6FjcBcH9NVHdfFSvNfHmuA","KUY Entertainment","24","trending_date","tags","view_count","likes","dislikes","comment_count","thumbnail_link","comments_disabled","ratings_disabled","description"
"V-yWp2nm-n8","Ten Years Later Ost. ‡∏†‡∏≤‡∏û‡∏¢‡∏ô‡∏ï‡∏£‡πå ‡πÄ‡∏û‡∏£‡∏≤‡∏∞‡πÄ‡∏£‡∏≤‡∏Ñ‡∏π‡πà‡∏Å‡∏±‡∏ô The Movie - WIN METAWIN","2021-03-30T10:00:09Z","UC_mceLIVkQun_Xcu1KBmfdw","GMMTV RECORDS","10","trending_date","tags","view_count","likes","dislikes","comment_count","thumbnail_link","comments_disabled","ratings_disabled","description"
"WdkZRJuQ-10","Riuh Klakson Kapal Penarik Rayakan Bebasnya Kapal Ever Given di Terusan Suez","2021-03-30T06:26:12Z","UC-AK5OD7V_DlveE55DzT-wg","Kompascom Reporter on Location","25","trending_date","tags","view_count","likes","dislikes","comment_count","thumbnail_link","comments_disabled","ratings_disabled","description"
"QQaeL3PWZ0U","SOPIR TRUK SAMPAI EMOSI !!! Detik Detik Kaca Truk Pecah di Batu Jomba (Bukan Sitinjau Lauik)","2021-03-27T10:22:01Z","UC8FOlkzX9ETjYcCuogMGZRw","Sitinjau Lauik Truck Video","2","trending_date","tags","view_count","likes","dislikes","comment_count","thumbnail_link","comments_disabled","ratings_disabled","description"
"QuBlV0dixMo","Race Highlights | 2021 Bahrain Grand Prix","2021-03-28T18:50:02Z","UCB_qr75-ydFVKSF9Dmo6izg","FORMULA 1","17","trending_date","tags","view_count","likes","dislikes","comment_count","thumbnail_link","comments_disabled","ratings_disabled","description"
"TNTNENNeBKA","GILA!! Bule Ini Bahasa Ibunya Bukan Jerman atau Inggris Tapi Jawa dan Indonesia!!!","2021-03-29T11:00:06Z","UCADZVxC_4omYiNDLcsDoCeg","Londokampung","24","trending_date","tags","view_count","likes","dislikes","comment_count","thumbnail_link","comments_disabled","ratings_disabled","description"
"Avk6Hc1Iq9w","Suasana Detik-detik Ledakan Pertamina Balongan Indramayu Terekam Warganet","2021-03-29T00:29:45Z","UC5BMIWZe9isJXLZZWPWvBlg","KOMPASTV","25","trending_date","tags","view_count","likes","dislikes","comment_count","thumbnail_link","comments_disabled","ratings_disabled","description"
"zhKPdPS48tY","ONE MINUTE DRAWING LESSON #shorts","2021-03-26T14:00:16Z","UC295-Dw_tDNtZXFeAPAW6Aw","5-Minute Crafts","26","trending_date","tags","view_count","likes","dislikes","comment_count","thumbnail_link","comments_disabled","ratings_disabled","description"
"beRIFU0ciPo","Identitas Teroris Wanita yang Serang Mabes Polri Berusia 25 Tahun dan Berideologi ISIS","2021-03-31T15:01:18Z","UC5BMIWZe9isJXLZZWPWvBlg","KOMPASTV","25","trending_date","tags","view_count","likes","dislikes","comment_count","thumbnail_link","comments_disabled","ratings_disabled","description"
"BJDPAubZ6rU","ROS√â„ÄåOn the Ground„Äç„Çπ„ÉÉ„Ç≠„É™Áã¨Âç†„Éë„Éï„Ç©„Éº„Éû„É≥„Çπ„Äê„Çπ„ÉÉ„Ç≠„É™LIVE„Äë","2021-03-30T01:30:00Z","UC45neOFhT2ZI6k7zYshxkkA","Êó•„ÉÜ„É¨„Äå„Çπ„ÉÉ„Ç≠„É™„ÄçÂÖ¨Âºè„ÉÅ„É£„É≥„Éç„É´","10","trending_date","tags","view_count","likes","dislikes","comment_count","thumbnail_link","comments_disabled","ratings_disabled","description"
"fDX2JcEiL7U","Kasus BELUM TERPECAHKAN: The PANAMA GIRLS! | #NERROR","2021-03-19T15:30:03Z","UC_SBt2BFBkExq_azj-P5lNA","Nessie Judge","23","trending_date","tags","view_count","likes","dislikes","comment_count","thumbnail_link","comments_disabled","ratings_disabled","description"
"QrzomwbbgJY","Harta dan Tahta jelek gak papa ( VIRAL Tiktok ) by PAIJO & Derix Mail ft Mr Big","2021-03-29T12:32:27Z","UCiQNOegYeCp6rQchOZZG_xw","Alif Rizky","10","trending_date","tags","view_count","likes","dislikes","comment_count","thumbnail_link","comments_disabled","ratings_disabled","description"
"hoZEi4zina4","Yura Yunita - Tenang (Official Lyric Video)","2021-03-31T17:00:14Z","UCDlCTYDSxnZFN_JyrkBBC-A","YURA YUNITA","10","trending_date","tags","view_count","likes","dislikes","comment_count","thumbnail_link","comments_disabled","ratings_disabled","description"
"838s-WsE9F0","YANG TERJADI DI ISSOM 2021","2021-03-28T12:30:26Z","UCsLdlVfYygg-AlUVIsH2Zjw","Om Mobi","2","trending_date","tags","view_count","likes","dislikes","comment_count","thumbnail_link","comments_disabled","ratings_disabled","description"
"-_GDMYEDO9A","Hotma Sitompul Buka Suara Tentang Prahara Rumahtangganya, Singgung Keluarnya Ibunda Bams dari Rumah","2021-03-27T01:05:38Z","UC-inGkOwn_su3qh40RYC11A","TRIBUN LAMPUNG NEWS VIDEO","25","trending_date","tags","view_count","likes","dislikes","comment_count","thumbnail_link","comments_disabled","ratings_disabled","description"
"jIyM0r-H3Nc","JUDIKA X ROSSA - AKU YANG TERSAKITI X HATI YANG KAU SAKITI - ROAD TO BIG 3 - Indonesian Idol 2021","2021-03-29T16:20:37Z","UCpr5mSSUbIQU816dNjaDdyg","Indonesian Idol","24","trending_date","tags","view_count","likes","dislikes","comment_count","thumbnail_link","comments_disabled","ratings_disabled","description"
"n-xwMbx_G88","Ungu & Lesti - Bismillah Cinta | MV Teaser","2021-03-30T09:00:12Z","UCebb7o98FEA73WjNsCja5Xg","Trinity Optima Production","10","trending_date","tags","view_count","likes","dislikes","comment_count","thumbnail_link","comments_disabled","ratings_disabled","description"
"o621gGw3dSU","Lyodra - Sabda Rindu (Official Music Video)","2021-03-22T10:00:14Z","UCaAE5pyrskvGdHmypXxqncA","LyodraVEVO","10","trending_date","tags","view_count","likes","dislikes","comment_count","thumbnail_link","comments_disabled","ratings_disabled","description"
"8lsKDXF0d6U","SISWA KAYA vs MISKIN || 7 Cerita Epic di Kehidupan Pelajar oleh RATATA BOOM","2021-03-30T01:00:00Z","UCyNjDKW9XGAsUdmv21KDwFA","RATATA BOOM! Indonesian","22","trending_date","tags","view_count","likes","dislikes","comment_count","thumbnail_link","comments_disabled","ratings_disabled","description"
"MNL0UCarGfU","DJ KATTY DAN NYAI GAK SABAR NYANTAP MIE AYAM DOWERNYA! | BIKIN LAPER (24/3/21) P2","2021-03-25T12:10:21Z","UCkqe8Ls9iPz9bvurmyn2-8g","TRANS Food Channel","24","trending_date","tags","view_count","likes","dislikes","comment_count","thumbnail_link","comments_disabled","ratings_disabled","description"
"UpF1CsZTw0s","WES TATAS | KALIA SISKA ft SKA86 | KENTRUNG VERSION","2021-03-20T12:00:16Z","UCX7RJTce2MLIfE4e8QxRl4g","UYE tone","10","trending_date","tags","view_count","likes","dislikes","comment_count","thumbnail_link","comments_disabled","ratings_disabled","description"
"8UarPk-o3QU","To the Bone - Pamungkas | Della Firdatia","2021-03-26T08:00:18Z","UCyOyDcZJ7M1pNJpROcx3E8w","Della Firdatia","10","trending_date","tags","view_count","likes","dislikes","comment_count","thumbnail_link","comments_disabled","ratings_disabled","description"
"R34Ntg3GxZ8","Woro Widowati - Cerito Loro (Official Music Video)","2021-03-26T08:00:18Z","UCpSoxgKzJHZFxSBC9Sr3T7A","Musik Proaktif","10","trending_date","tags","view_count","likes","dislikes","comment_count","thumbnail_link","comments_disabled","ratings_disabled","description"
"ZMK3znv3reE","Jiwa Brimob Masih Melekat Pada Diri Asep, Polisi Gangguan Jiwa Akibat Tsunami | iNews Aceh","2021-03-21T15:32:13Z","UCGh91KvPZ3JBYSpskWj2PUQ","iNews Aceh","25","trending_date","tags","view_count","likes","dislikes","comment_count","thumbnail_link","comments_disabled","ratings_disabled","description"
"NcVMXsoPlyc","Cerito Loro - Yeni Inka Feat Gerry Mahesa - Versi Koplo  ( Official Music Video )","2021-03-27T12:00:19Z","UC3MpusyU0M04MNg0SEXpHGA","Musik Perdana Record","10","trending_date","tags","view_count","likes","dislikes","comment_count","thumbnail_link","comments_disabled","ratings_disabled","description"
"5C8R328C7-8","[Ïáº! ÏùåÏïÖÏ§ëÏã¨] Î°úÏ†ú - Ïò® Îçî Í∑∏ÎùºÏö¥Îìú (ROS√â - On The Ground), MBC 210327 Î∞©ÏÜ°","2021-03-27T07:56:21Z","UCe52oeb7Xv_KaJsEzcKXJJg","MBCkpop","10","trending_date","tags","view_count","likes","dislikes","comment_count","thumbnail_link","comments_disabled","ratings_disabled","description"
"8NQhXXfctMM","Rossa - The Heart You Hurt (MV Teaser)","2021-03-26T09:00:04Z","UClMQ1QriptEXMpMBw_8EeqQ","Rossa Official","24","trending_date","tags","view_count","likes","dislikes","comment_count","thumbnail_link","comments_disabled","ratings_disabled","description"
"D04yV7zM0Rg","ADU KAYA","2021-03-31T06:00:05Z","UCgYmNAhjfv5GYWBOfzp831Q","Maell Lee","23","trending_date","tags","view_count","likes","dislikes","comment_count","thumbnail_link","comments_disabled","ratings_disabled","description"
"g3TxTa1gGJE","#StandUpBolahraga EPS. 10 - DEMI MENANG 15 JUTA, AFIF XAVI BAWA CING ABDEL DAN AKBAR","2021-03-29T13:00:16Z","UC4yN7AQ87Q5zzaifMUmZxGQ","Jebreeetmedia TV","22","trending_date","tags","view_count","likes","dislikes","comment_count","thumbnail_link","comments_disabled","ratings_disabled","description"
"TUrcHLNk6pU","LYODRA X JUDIKA - HILANG TAPI ADA - ROAD TO BIG 3 - Indonesian Idol 2021","2021-03-29T19:37:03Z","UCpr5mSSUbIQU816dNjaDdyg","Indonesian Idol","24","trending_date","tags","view_count","likes","dislikes","comment_count","thumbnail_link","comments_disabled","ratings_disabled","description"
"Jf3WBspDBHw","Suez Canal: Tugboats sound horns as Ever Given container ship 'fully refloated'","2021-03-29T15:08:55Z","UCPgLNge0xqQHWM5B5EFH9Cg","The Telegraph","25","trending_date","tags","view_count","likes","dislikes","comment_count","thumbnail_link","comments_disabled","ratings_disabled","description"
"xM0RGpnl6MU","A Present for ReVeluvüéÅüíóÔΩúIRENE‚ÄôS RECORD","2021-03-29T12:00:15Z","UCk9GmdlDTBfgGRb7vXeRMoQ","Red Velvet","10","trending_date","tags","view_count","likes","dislikes","comment_count","thumbnail_link","comments_disabled","ratings_disabled","description"
"UU1hPQp4h_0","NDX A.K.A ‚Äì Apa Kabar Mantan I JOOX Original (Official Music Video)","2021-03-29T12:45:15Z","UC-acDc3cmE2QnxVu8To57BA","NDXAKA TV","10","trending_date","tags","view_count","likes","dislikes","comment_count","thumbnail_link","comments_disabled","ratings_disabled","description"
"YPe488z5H1c","SILET - Gimana Reaksi Mis Kiki Melihat Rendi Menikah","2021-03-22T15:24:07Z","UC4yu5KnMvVX_seRuGzKQBZg","RCTI - INFOTAINMENT","24","trending_date","tags","view_count","likes","dislikes","comment_count","thumbnail_link","comments_disabled","ratings_disabled","description"
"t8ae7vLrZdc","Kondisi Terkini Kilang Minyak Balongan Pertamina yang Meledak","2021-03-29T03:41:45Z","UCJpdpj9hNhaYBRGusGv7CjQ","Tribun Jateng","25","trending_date","tags","view_count","likes","dislikes","comment_count","thumbnail_link","comments_disabled","ratings_disabled","description"
"znMczzU9Y3s","K-POP STARS sing in THREE Languagesüé§|   TAG/INA/POR| WEEEKLY | TRANSONGLATION","2021-03-28T02:00:15Z","UCF7X2COltpbPqWWNxW5cZRw","ROLLING","10","trending_date","tags","view_count","likes","dislikes","comment_count","thumbnail_link","comments_disabled","ratings_disabled","description"
"j1LNCAWrnIM","Klarifikasi Karin dan Gaga","2021-03-23T12:02:12Z","UCDs47Uey2EitsrMaPxDXXkw","Karin Novilda","22","trending_date","tags","view_count","likes","dislikes","comment_count","thumbnail_link","comments_disabled","ratings_disabled","description"
"yR0drdyjFxY","Kisah warga keturunan Indonesia mendapat perlakuan rasis di AS - BBC News Indonesia","2021-03-27T12:57:54Z","UC46q-QSvoJz-1iSxPeuOqWA","BBC News Indonesia","25","trending_date","tags","view_count","likes","dislikes","comment_count","thumbnail_link","comments_disabled","ratings_disabled","description"
"FJf6WkDL5QI","DJ GRATATATA VIRAL TIK TOK - DJ ACAN RIMEX","2021-03-26T12:00:17Z","UCuL6VECMajlg67u0EPS1cWA","DJ ACAN","10","trending_date","tags","view_count","likes","dislikes","comment_count","thumbnail_link","comments_disabled","ratings_disabled","description"
"xHZbutjBryA","GARUT BANGET!!! MICINNYA JUARA!!! CABE SEGAR - CABE KERING DI SIRAM SEMUA...","2021-03-24T12:00:12Z","UCzkPdqu5kr09G6d0Zi95uYw","Farida Nurhan","22","trending_date","tags","view_count","likes","dislikes","comment_count","thumbnail_link","comments_disabled","ratings_disabled","description"
"K_zylJH4PRI","Pink Sweat$ - At My Worst (feat. Kehlani) [Official Video]","2021-03-24T16:00:16Z","UCnzEF-_PurXQTK2uQ-A3Oww","Pink Sweats","10","trending_date","tags","view_count","likes","dislikes","comment_count","thumbnail_link","comments_disabled","ratings_disabled","description"
"Uf1VEq2ryq4","Trio Macan Ft. M.A.C - Cuma Saya (Official Music Video) | Ko Mo Cari Yang Bagaimana","2021-03-19T08:00:14Z","UCpSoxgKzJHZFxSBC9Sr3T7A","Musik Proaktif","10","trending_date","tags","view_count","likes","dislikes","comment_count","thumbnail_link","comments_disabled","ratings_disabled","description"
"LdBSj1bJvWI","BAEKHYUN Î∞±ÌòÑ The 3rd Mini Album Bambi Sounds Room","2021-03-27T15:00:06Z","UCzCedBCSSltI1TFd3bKyN6g","EXO","10","trending_date","tags","view_count","likes","dislikes","comment_count","thumbnail_link","comments_disabled","ratings_disabled","description"
"HjbJ9rByEiw","BERGEK feat MAGFIRA TERBARU 2021 - SOK TOP [Official Music Video]","2021-03-27T07:00:16Z","UCEcTE6kXGHG5FuD0wYudLHQ","OFFICIAL BERGEK","10","trending_date","tags","view_count","likes","dislikes","comment_count","thumbnail_link","comments_disabled","ratings_disabled","description"
"LAVjCLzI_vg","HITO KECEPLOSAN SOAL MALAM PERTAMA ‚ÅâÔ∏è | Felitogether Official","2021-03-24T04:54:48Z","UC3jQLJLQrzXnoa3Y0MliK9Q","FELITOgether Official","22","trending_date","tags","view_count","likes","dislikes","comment_count","thumbnail_link","comments_disabled","ratings_disabled","description"
"5bnTR8iRngQ","DJ WANITA APAKAH DIRIMU INI ( WANITA ASU ) TERBARU 2021 üé∂ DJ TIK TOK TERBARU 2021","2021-03-25T04:00:01Z","UCV2DkXDuFt4XGyljaOloWrg","Nanda Lia","10","trending_date","tags","view_count","likes","dislikes","comment_count","thumbnail_link","comments_disabled","ratings_disabled","description"
"wcgTStAuXQw","[MV] Ïö∞Ï£ºÏÜåÎÖÄ (WJSN) - UNNATURAL","2021-03-31T09:00:32Z","UCYDmx2Sfpnaxg488yBpZIGg","starshipTV","10","trending_date","tags","view_count","likes","dislikes","comment_count","thumbnail_link","comments_disabled","ratings_disabled","description"
"Q89dpq20W2I","Afgan - M.I.A (feat. Jackson Wang) (Official MV)","2021-03-20T05:00:12Z","UCr28oTTkfzqv3-v6XLhEDJA","Afgan","10","trending_date","tags","view_count","likes","dislikes","comment_count","thumbnail_link","comments_disabled","ratings_disabled","description"
"sQva3HWFQ64","THE SUPER GIRLS - TERLANJUR MENCINTA (Yovie Widianto) - ROAD TO BIG 3 - Indonesian Idol 2021","2021-03-30T04:55:15Z","UCpr5mSSUbIQU816dNjaDdyg","Indonesian Idol","24","trending_date","tags","view_count","likes","dislikes","comment_count","thumbnail_link","comments_disabled","ratings_disabled","description"
"XiuSiwn_h28","Sun Ping Telu - Yeni Inka Feat Gerry Mahesa - Versi Koplo ( Official Music Video )","2021-03-29T12:00:18Z","UC3MpusyU0M04MNg0SEXpHGA","Musik Perdana Record","10","trending_date","tags","view_count","likes","dislikes","comment_count","thumbnail_link","comments_disabled","ratings_disabled","description"
"ruRdzwBEIs4","IKATAN CINTA - Romantis Banget!!! AL Udah Gak Bisa Terlalu Cuek Sama Andin","2021-03-30T06:41:41Z","UCzTsWuCdVP_vehWyGwPcS3Q","RCTI - LAYAR DRAMA INDONESIA","24","trending_date","tags","view_count","likes","dislikes","comment_count","thumbnail_link","comments_disabled","ratings_disabled","description"
"Gd2J-8-en6M","THE BASSURA HOUSE - Let's Work Hard (Official Lyric Video)","2021-03-22T12:00:04Z","UC7ILlPkhaZaPSYJPsHQWNDw","TBH Official","10","trending_date","tags","view_count","likes","dislikes","comment_count","thumbnail_link","comments_disabled","ratings_disabled","description"
"lbj8YbpFa1M","Bulan Sutena - Terpesona ( Official Music Video)","2021-03-26T12:00:16Z","UC4cJw0tlpQy_AWJHI8uXWNg","Legacy ID","10","trending_date","tags","view_count","likes","dislikes","comment_count","thumbnail_link","comments_disabled","ratings_disabled","description"
"84TEDcT3BHU","Albania 0-2 England | Mount & Kane On Target in Albania | World Cup 2022 Qualifiers | Highlights","2021-03-29T11:00:06Z","UCNT2e7Og56vm5_V-yJWvglA","England","17","trending_date","tags","view_count","likes","dislikes","comment_count","thumbnail_link","comments_disabled","ratings_disabled","description"
"RTnSNeeXdDE","Stop Motion ASMR - Pekin ducklings hatching Egg Freshwater eel Primitive Cooking Cuckoo","2021-03-27T08:13:05Z","UCV3sMnMRS2AqlxekU8VwjMQ","Cuckoo","24","trending_date","tags","view_count","likes","dislikes","comment_count","thumbnail_link","comments_disabled","ratings_disabled","description"
"w6vZi_OPNhk","Yeni Inka -  Tutupe Wirang - Versi Koplo ( Official Music Video )","2021-03-30T12:00:15Z","UCcSVA15A6UNouOvHsixy1ng","PERDANA RECORD","10","trending_date","tags","view_count","likes","dislikes","comment_count","thumbnail_link","comments_disabled","ratings_disabled","description"
"oeHtXt74ujo","EKSKLUSIF! Kesaksian Istri Terduga Teroris ZA Kepada tvOne","2021-03-30T15:10:06Z","UCER4rvDnRBPr_ncYW4UCZjg","tvOneNews","25","trending_date","tags","view_count","likes","dislikes","comment_count","thumbnail_link","comments_disabled","ratings_disabled","description"
"ncMEezfMN0g","Dihadang Dua Ular Mematikan Saat Berburu Belut dengan Oki si Berang-berang Pintar | Catch Eel","2021-03-29T08:53:50Z","UC-3zv-XrPz28_W9oRd9q1tQ","Rizki Art","15","trending_date","tags","view_count","likes","dislikes","comment_count","thumbnail_link","comments_disabled","ratings_disabled","description"
"FvbqV00xv2s","DJ GRATATATA TIK TOK VIRAL TERBARU 2021 ! –†–∞—Ç–∞—Ç–∞ ( DJ DESA Remix )","2021-03-24T15:15:13Z","UCzc0SCcUmnAJvUMHs4Q6bMA","DJ DESA","10","trending_date","tags","view_count","likes","dislikes","comment_count","thumbnail_link","comments_disabled","ratings_disabled","description"
"jpyGYnO7n0c","Bulan Sutena Lapor DIGHOSTING Cowok |  LAPOR PAK! (17/03/21) Part 1","2021-03-17T14:00:25Z","UC24_Z2L-8Ki183AI9zJJzNQ","TRANS7 OFFICIAL","24","trending_date","tags","view_count","likes","dislikes","comment_count","thumbnail_link","comments_disabled","ratings_disabled","description"
"kIky-eJbvaU","Is Pencilmate Smarter than a BABY? -in- You Thumb Drive Me Crazy| Pencilmation Cartoons","2021-03-30T18:45:13Z","UCUAL--p3qAa27luR0IYbjZA","Pencilmation","1","trending_date","tags","view_count","likes","dislikes","comment_count","thumbnail_link","comments_disabled","ratings_disabled","description"
"jOh63dnXiYA","4 Fakta Sikap Manis Arya Pada Amanda - Seleb On News","2021-03-26T14:01:53Z","UCQcxa79gigB0D5camKNS18A","Infotainment MNCTV","24","trending_date","tags","view_count","likes","dislikes","comment_count","thumbnail_link","comments_disabled","ratings_disabled","description"
"Z1ZTcb3ers4","Two very early goals & Musiala debut | Germany vs. Iceland 3-0 | Highlights | World Cup Qualifiers","2021-03-25T23:00:17Z","UC7am34-1rGU_ky1vWYnoOJQ","German Football","17","trending_date","tags","view_count","likes","dislikes","comment_count","thumbnail_link","comments_disabled","ratings_disabled","description"
"nogcpNk3zP4","Lebih dari 12 Jam, Kebakaran Kilang Pertamina Balongan Belum Padam","2021-03-29T09:05:05Z","UCKII0Ml9S5wneKbHswmUrIQ","CNN Indonesia","25","trending_date","tags","view_count","likes","dislikes","comment_count","thumbnail_link","comments_disabled","ratings_disabled","description"
"qxNhpJ2lQJc","GANGGA - Forever (Official Lyric Video)","2021-03-26T10:00:18Z","UCEyp-NkCJe44hsIhbb6pb3w","Gangga","10","trending_date","tags","view_count","likes","dislikes","comment_count","thumbnail_link","comments_disabled","ratings_disabled","description"
"s8_yFkI7yi8","Highlights - Persija Jakarta vs Bhayangkara Solo FC | Piala Menpora 2021","2021-03-31T13:51:58Z","UCYqOeAXJm8yV9sJ8Ud3cR7A","Indosiar","24","trending_date","tags","view_count","likes","dislikes","comment_count","thumbnail_link","comments_disabled","ratings_disabled","description"
"x_V2ZLpr0r8","4 Fakta Kedekatan Arya dan Amanda Yang Tak Kalah Baper - Seleb On News","2021-03-31T13:26:55Z","UCQcxa79gigB0D5camKNS18A","Infotainment MNCTV","24","trending_date","tags","view_count","likes","dislikes","comment_count","thumbnail_link","comments_disabled","ratings_disabled","description"
"wDfqXR_5yyQ","[4K][Special] ÏïÑÏù¥Ïú†(IU)Ïùò ÌÇ¨ÎßÅÎ≥¥Ïù¥Ïä§Î•º ÎùºÏù¥Î∏åÎ°ú! / ÌïòÎ£® ÎÅù, ÎÑàÏùò ÏùòÎØ∏, Ïä§Î¨ºÏÖã, Î∞§Ìé∏ÏßÄ, ÌåîÎ†àÌä∏, Í∞ÄÏùÑ ÏïÑÏπ®, ÏÇêÏÇê, Blueming, ÏóêÏûá, Coin, ÎùºÏùºÎùΩ","2021-03-31T10:00:15Z","UCtCiO5t2voB14CmZKTkIzPQ","Îî©Í≥† ÎÆ§ÏßÅ / dingo music","10","trending_date","tags","view_count","likes","dislikes","comment_count","thumbnail_link","comments_disabled","ratings_disabled","description"
"toLRhGg7508","Jaksa Respon Sebutan Dungu Dan Pandir Oleh Rizieq Shihab | tvOne","2021-03-30T10:12:52Z","UCER4rvDnRBPr_ncYW4UCZjg","tvOneNews","25","trending_date","tags","view_count","likes","dislikes","comment_count","thumbnail_link","comments_disabled","ratings_disabled","description"
"-iTqKNoRzvU","UTANG BERSAMBUNG || KONTRAKAN REMPONG EPISODE 308","2021-03-29T03:04:39Z","UCEHprhvK2xu0CYKcnbMshBw","WARINTIL OFFICIAL","23","trending_date","tags","view_count","likes","dislikes","comment_count","thumbnail_link","comments_disabled","ratings_disabled","description"
"iwcKYyplfzc","Kades di Pasuruan Digerebek Suami Sedang Berduaan dengan Staf Desa!","2021-03-22T14:36:27Z","UCuMAjEaSMj7q7YLf0xW1MjQ","detikcom","25","trending_date","tags","view_count","likes","dislikes","comment_count","thumbnail_link","comments_disabled","ratings_disabled","description"
"NNrnxhtctwc","England 5-0 San Marino | Watkins Debut Goal & DCL Double | World Cup 2022 Qualifiers | Highlights","2021-03-26T12:00:15Z","UCNT2e7Og56vm5_V-yJWvglA","England","17","trending_date","tags","view_count","likes","dislikes","comment_count","thumbnail_link","comments_disabled","ratings_disabled","description"
"rvFAbJtpktk","KALAU SAJA MAKANANMU JADI MANUSIA! || Tantangan Lucu Bertukar Tubuh oleh 123 GO! GOLD","2021-03-31T08:54:34Z","UCwIzd032IQjvJ9larkdcwgg","123 GO! GOLD Indonesian","24","trending_date","tags","view_count","likes","dislikes","comment_count","thumbnail_link","comments_disabled","ratings_disabled","description"
"LOmz1O5Inx0","WENDY Ïõ¨Îîî 'Like Water' Mood Sampler #1","2021-03-27T15:00:05Z","UCk9GmdlDTBfgGRb7vXeRMoQ","Red Velvet","10","trending_date","tags","view_count","likes","dislikes","comment_count","thumbnail_link","comments_disabled","ratings_disabled","description"
"P93j4iGC3lc","[FULL] GHOSTING BULAN SUTENA & INTEROGASI TUKUL ARWANA | LAPOR PAK! (17/03/21)","2021-03-20T13:30:02Z","UC24_Z2L-8Ki183AI9zJJzNQ","TRANS7 OFFICIAL","24","trending_date","tags","view_count","likes","dislikes","comment_count","thumbnail_link","comments_disabled","ratings_disabled","description"
"T-gUs5FijWA","UFC 260 Fight Timeline: Miocic vs Ngannou 2","2021-03-26T00:22:32Z","UCvgfXK4nTYKudb0rFR6noLA","UFC - Ultimate Fighting Championship","17","trending_date","tags","view_count","likes","dislikes","comment_count","thumbnail_link","comments_disabled","ratings_disabled","description"
"qEMC3_oQS9k","Peran Penting Kilang Minyak Balongan, Pemasok 80 Persen BBM Jakarta","2021-03-29T01:55:55Z","UC5BMIWZe9isJXLZZWPWvBlg","KOMPASTV","25","trending_date","tags","view_count","likes","dislikes","comment_count","thumbnail_link","comments_disabled","ratings_disabled","description"
"gokGy2pnmjo","That Time I Got Reincarnated as a Slime - Episode 35 [English Sub]","2021-03-23T15:30:26Z","UCGbshtvS9t-8CW11W7TooQg","Muse Asia","1","trending_date","tags","view_count","likes","dislikes","comment_count","thumbnail_link","comments_disabled","ratings_disabled","description"
"kl-NaR9E8nA","[#ÌïòÏù¥ÎùºÏù¥Ìä∏#]Ïã†Î¨∏Î™Ö Í≤åÏûÑ Ï†ëÌïòÍ≥† Ïã†ÎÇú BTS?! Í≤åÏûÑÏóê ÏßÑÏã¨Ïù∏ ÎåÄÏú†Ïûº Î∞©ÌÉÑ#Ïú†ÌÄ¥Ï¶àÏò®ÎçîÎ∏îÎü≠ | YOU QUIZ ON THE BLOCK EP.99 | tvN 210324 Î∞©ÏÜ°","2021-03-24T14:04:44Z","UC920m3pMPH45qztdhppZhwA","Ïú† ÌÄ¥Ï¶à Ïò® Îçî ÌäúÎ∏å","24","trending_date","tags","view_count","likes","dislikes","comment_count","thumbnail_link","comments_disabled","ratings_disabled","description"
"ByO8UlZeD0s","ÈúçÂÖÉÁî≤‰∏äÊìÇÂè∞ÊØîÊ≠¶Ôºå‰ª•‰∏ÄÊåë‰∏âÔºå‰∏âÊã≥ÂÖ©ËÖ≥‰æøÂ∞áÂ∞çÊâãÂÖ®ÈÉ®ÊâìÂÄí  ‚öîÔ∏è  ÊäóÊó•","2021-03-27T12:00:07Z","UCOXvR79lua4l3SYnpvPOAfA","ÁúãÁùÄÊàëÊâõÊû™","1","trending_date","tags","view_count","likes","dislikes","comment_count","thumbnail_link","comments_disabled","ratings_disabled","description"
"ZePYb65nObs","„Äå‰∫ëÂçóÁâõÂë≥ÁôæÊÄÅ„ÄçÁâõËÇö‚Äî‚ÄîÈ∫ªËæ£ÁÅ´ÈîÖÁöÑÁÅµÈ≠ÇÈ£üÊùê„ÄêÊªáË•øÂ∞èÂì•„Äë","2021-03-24T10:14:08Z","UCQG_fzADCunBTV1KwjkfAQQ","ÊªáË•øÂ∞èÂì• Dianxi Xiaoge","22","trending_date","tags","view_count","likes","dislikes","comment_count","thumbnail_link","comments_disabled","ratings_disabled","description"
"aX5gQIcOd1o","Marsha Pernah Liat Kuntilanak, Genderuwo Dll Depan Mata!! - Paranormal Experience Marsha","2021-03-31T12:00:01Z","UCmtAg_U0wvmWdxTlceISdEw","Jonathan Liandi","24","trending_date","tags","view_count","likes","dislikes","comment_count","thumbnail_link","comments_disabled","ratings_disabled","description"
"k9VjJY1jwUk","WENDY Ïõ¨Îîî 'Like Water' Mood Sampler #2","2021-03-28T15:00:12Z","UCk9GmdlDTBfgGRb7vXeRMoQ","Red Velvet","10","trending_date","tags","view_count","likes","dislikes","comment_count","thumbnail_link","comments_disabled","ratings_disabled","description"
"0fnwz4ro7sM","Akhirnya Gea Mengakui Alasan Kurang di Pose ke 4 (2/4)","2021-03-29T08:15:00Z","UChFRHojUZJ9KfC4SHcN5wZA","Indonesia's Next Top Models","10","trending_date","tags","view_count","likes","dislikes","comment_count","thumbnail_link","comments_disabled","ratings_disabled","description"
"weNZ4MYoUZI","TANTANGAN 100 LAPIS! 100+ LAPISAN LIPSTIK, KUKU PALSU, MAKEUP DAN SITUASI LUCU OLEH KABOOM!","2021-03-20T07:00:13Z","UCqbFJDenwz9jTtz8MrLhx3g","KABOOM! Indonesian","24","trending_date","tags","view_count","likes","dislikes","comment_count","thumbnail_link","comments_disabled","ratings_disabled","description"
"RaU5Lixmu0w","ASTAGA REDMI! Begini 3 jutaan aja?? Nyobain Xiaomi Redmi Note 10 Pro","2021-03-30T13:41:31Z","UCaPa78XJgS-BrTxsVYHPA6A","Putu Reza","28","trending_date","tags","view_count","likes","dislikes","comment_count","thumbnail_link","comments_disabled","ratings_disabled","description"
"dZ-J6gMSTtM","HAPPY ASMARA - ISO TANPO KOWE (Official Music Video) | Opo Ra Ngelingi","2021-03-24T12:00:16Z","UC0uHeGDHQiNalfCg8S5J8Eg","Adhigana Music","10","trending_date","tags","view_count","likes","dislikes","comment_count","thumbnail_link","comments_disabled","ratings_disabled","description"
"DyIvnEb8KQc","Jawaban Ilene, Mengundang Tanda Tanya Luna Maya (4/4)","2021-03-29T08:45:00Z","UChFRHojUZJ9KfC4SHcN5wZA","Indonesia's Next Top Models","10","trending_date","tags","view_count","likes","dislikes","comment_count","thumbnail_link","comments_disabled","ratings_disabled","description"
"Lzdc_8x0dDI","[KPOP IN PUBLIC CHALLENGE] ROS√â - 'On The Ground' |ONE-TAKE| Dance Cover | B.K.A.V | PƒêB NGUY·ªÑN HU·ªÜ","2021-03-29T18:01:09Z","UCp1nPEDUEipVjfJ9tsejOwA","BKAV Dance Team","24","trending_date","tags","view_count","likes","dislikes","comment_count","thumbnail_link","comments_disabled","ratings_disabled","description"
"-SHmv8dP_JQ","Highlights - Borneo FC Samarinda vs PSM Makassar | Piala Menpora 2021","2021-03-31T10:29:33Z","UCYqOeAXJm8yV9sJ8Ud3cR7A","Indosiar","24","trending_date","tags","view_count","likes","dislikes","comment_count","thumbnail_link","comments_disabled","ratings_disabled","description"
"Pa44-qVh-zI","VIRAL‚Äº DETIK-DETIK OKNUM POLWAN DI GREBEK SANG SUAMI DI KAMAR HOTEL | SEMARANG","2021-03-30T19:25:04Z","UCtXz8xFxvCvM1n2t1rE2i3A","Happy Enjoy Project","24","trending_date","tags","view_count","likes","dislikes","comment_count","thumbnail_link","comments_disabled","ratings_disabled","description"
"7d5c11fPFNk","BELAJAR MASAK SAMA TATIK || KONTRAKAN REMPONG EPISODE 307","2021-03-27T03:02:04Z","UCEHprhvK2xu0CYKcnbMshBw","WARINTIL OFFICIAL","23","trending_date","tags","view_count","likes","dislikes","comment_count","thumbnail_link","comments_disabled","ratings_disabled","description"
"-9K71w6zYTo","Amazing Fastest Giant Bluefin Tuna and Swordfish Fishing skill - Most Satisfying Sea Fishing Videos","2021-03-25T12:23:24Z","UCmf5MeP8SJ2s3AIAl1R7AAQ","Sea Fishing Video","24","trending_date","tags","view_count","likes","dislikes","comment_count","thumbnail_link","comments_disabled","ratings_disabled","description"
"QaVsa5X55QA","KOCAK! Battle lagu2 Viral! ARAB GOKIL Pt. 3 | 3way Asiska Cover","2021-03-21T13:53:59Z","UCTa6bzbqjx604RGk9FTN7bg","3way Asiska","10","trending_date","tags","view_count","likes","dislikes","comment_count","thumbnail_link","comments_disabled","ratings_disabled","description"
"TQLaxaRnTdM","Nggak Pernah Akur! Azka Corbuzier Adu Kuat Sama Sabrina Chairunnisa, Pacar Deddy Corbuzier Nangis ?","2021-03-25T09:08:27Z","UCMuSnXa9bE-Sw3D21wbp_hg","Sabrina Chairunnisa","24","trending_date","tags","view_count","likes","dislikes","comment_count","thumbnail_link","comments_disabled","ratings_disabled","description"
"y9Yp1ZG77iQ","[HOT CLIPS] [RUNNINGMAN] Show Me The Talent! OMG JESSI.. All I can say is..ü•á (ENG SUB)","2021-03-29T09:00:13Z","UCBzkVegsFusO7ZMa_J8MZ7Q","sNack!","24","trending_date","tags","view_count","likes","dislikes","comment_count","thumbnail_link","comments_disabled","ratings_disabled","description"
"OknBOZ_1ucM","Ade Govinda feat. Anneth & Zara Leola - Tanpa Batas Waktu (Cover)","2021-03-31T10:30:14Z","UCoinOCKncGXFYvKQBxzgD5w","Ade Nurulianto","10","trending_date","tags","view_count","likes","dislikes","comment_count","thumbnail_link","comments_disabled","ratings_disabled","description"
"CjcVH96TnAs","Looks Awesome! Easy PHOTO HACKS Anyone Can Do #shorts","2021-03-18T13:00:30Z","UC295-Dw_tDNtZXFeAPAW6Aw","5-Minute Crafts","26","trending_date","tags","view_count","likes","dislikes","comment_count","thumbnail_link","comments_disabled","ratings_disabled","description"
"cuNzqQlt5dA","Highlights: Bulgaria-Italia 0-2 (28 marzo 2021)","2021-03-29T15:00:11Z","UCUnVodBnteAdGONNcUpS_kw","FIGC Vivo Azzurro - Nazionale Italiana Calcio","17","trending_date","tags","view_count","likes","dislikes","comment_count","thumbnail_link","comments_disabled","ratings_disabled","description"
"jEdw2xvfSd4","ENJAN BUNDA PROUD SAMA KAMU LOVE LOVE (PART 149)","2021-03-22T06:00:12Z","UCQSAJ5q8bPdoE8UsoEq6_Kg","SUNAH OFFICIAL","24","trending_date","tags","view_count","likes","dislikes","comment_count","thumbnail_link","comments_disabled","ratings_disabled","description"
"-AQiPA2Ly8c","NAYLA AYU - SALAHKAH AKU ( Official Music Video )","2021-03-21T02:00:12Z","UCg8vVg3RliWcvnlbsI1AzMw","MOP Music Channel","10","trending_date","tags","view_count","likes","dislikes","comment_count","thumbnail_link","comments_disabled","ratings_disabled","description"
"B86LJgU8D_g","Menurut Andien, Pose Ranti Tidak Menunjukkan Black Angel (3/4)","2021-03-29T08:30:01Z","UChFRHojUZJ9KfC4SHcN5wZA","Indonesia's Next Top Models","10","trending_date","tags","view_count","likes","dislikes","comment_count","thumbnail_link","comments_disabled","ratings_disabled","description"
"vpgN4DQcMI4","Esa Risty Feat Wandra - Tresno Waranggono [OFFICIAL]","2021-03-21T01:00:16Z","UCNOLcOWgKQrd71FW8pqG4yw","Milady Record Official","10","trending_date","tags","view_count","likes","dislikes","comment_count","thumbnail_link","comments_disabled","ratings_disabled","description"
"IoSTq67Yiy8","Akhirnya Terkuak! Fiki Alman Benar Tidur Satu Kamar dengan Angel Lelga!","2021-03-22T12:15:00Z","UCD8TFgJATSV8-PcKhYPFRPg","Grid ID","24","trending_date","tags","view_count","likes","dislikes","comment_count","thumbnail_link","comments_disabled","ratings_disabled","description"
"J4OmcIGLLTw","MUKBANG TELUR TITAN UMUR 1000 TAHUN TERNIKMAT DIDUNIA!!","2021-03-31T04:30:01Z","UC8rHUssNDJ9YEjfduAqJBmw","tanboy kun","24","trending_date","tags","view_count","likes","dislikes","comment_count","thumbnail_link","comments_disabled","ratings_disabled","description"
"Ve1obwIxZ_c","Luka Sekerat Rasa - Yeni Inka Feat Gerry Mahesa - Versi Koplo ( Official Music Video )","2021-03-22T12:00:21Z","UC3MpusyU0M04MNg0SEXpHGA","Musik Perdana Record","10","trending_date","tags","view_count","likes","dislikes","comment_count","thumbnail_link","comments_disabled","ratings_disabled","description"
"wN3ycGSn0ec","Dengan Penuh Keyakinan, Gisel Mengakui Video Viralnya - Daniel Tetangga Kamu","2021-03-22T09:00:32Z","UC0zTYTRQe77tnOIS03HaNeg","Daniel Mananta Network","24","trending_date","tags","view_count","likes","dislikes","comment_count","thumbnail_link","comments_disabled","ratings_disabled","description"
"BmBoclw-gPM","CoverÔΩúDOYOUNG - Falling (Harry Styles)","2021-03-22T13:00:04Z","UCwgtORdDtUKhpjE1VBv6XfA","NCT","10","trending_date","tags","view_count","likes","dislikes","comment_count","thumbnail_link","comments_disabled","ratings_disabled","description"
"iOSCcaeS68o","SILET - Kehebohan Yang Terjadi Di Pernikahan Ikbal Fauzi","2021-03-23T12:14:25Z","UC4yu5KnMvVX_seRuGzKQBZg","RCTI - INFOTAINMENT","24","trending_date","tags","view_count","likes","dislikes","comment_count","thumbnail_link","comments_disabled","ratings_disabled","description"
"c6jcilLUFWQ","ü•∞ New Gadgets & Versatile Utensils For Home # 215üè†Appliances, Make Up, Smart Inventions „Çπ„Éû„Éº„Éà„Ç¢„Éó„É©„Ç§„Ç¢„É≥","2021-03-28T09:12:43Z","UCTpsqVdt3NP9QKYkyyAPQcA","New Home Items","22","trending_date","tags","view_count","likes","dislikes","comment_count","thumbnail_link","comments_disabled","ratings_disabled","description"
"pqkTIsCzNXQ","MERINDING! PERAN PENTING FORENSIK DLM EKSEKUSl MATl,dr HASTRY ADA DI DETIK2 KEPERGIAN FREDDY BUDIMAN","2021-03-19T12:57:09Z","UCqAbZgOUGWA1R4GMqcRFtsg","Denny Darko","24","trending_date","tags","view_count","likes","dislikes","comment_count","thumbnail_link","comments_disabled","ratings_disabled","description"
"q5nO7U61PJk","Action Movie Martial Arts - Latest Warrior Sword Action Movie Full Length English","2021-03-25T12:00:12Z","UCPPaFQnKHu73s6MZDxmNtUg","Mr. FanTube","24","trending_date","tags","view_count","likes","dislikes","comment_count","thumbnail_link","comments_disabled","ratings_disabled","description"
"f6Zb3W0tt_0","NCT DREAM LAZADA SUPER PARTY Behind","2021-03-28T11:00:09Z","UCXURHJRGr4-EB3l87kcbElw","NCT DREAM","22","trending_date","tags","view_count","likes","dislikes","comment_count","thumbnail_link","comments_disabled","ratings_disabled","description"
"1fcH9U_EDUo","Dinyanyikan Lagu Brimob, Asep Langsung Sikap Sempurna","2021-03-21T05:18:14Z","UC-AK5OD7V_DlveE55DzT-wg","Kompascom Reporter on Location","25","trending_date","tags","view_count","likes","dislikes","comment_count","thumbnail_link","comments_disabled","ratings_disabled","description"
"OlHb1qH-zS4","NiziU(ÎãàÏ•¨) 2nd Single „ÄéTake a picture„Äè MV","2021-03-28T15:00:01Z","UCaO6TYtlC8U5ttz62hTrZgg","JYP Entertainment","10","trending_date","tags","view_count","likes","dislikes","comment_count","thumbnail_link","comments_disabled","ratings_disabled","description"
"qfVuRQX0ydQ","[MV] Weeekly(ÏúÑÌÅ¥Î¶¨) _ After School","2021-03-17T09:00:04Z","UCweOkPb1wVVH0Q0Tlj4a5Pw","1theK (ÏõêÎçîÏºÄÏù¥)","24","trending_date","tags","view_count","likes","dislikes","comment_count","thumbnail_link","comments_disabled","ratings_disabled","description"
"jlSUkEE7vuQ","Penjagaan Mabes Polri Diperketat Pasca-penembakan","2021-03-31T14:26:39Z","UCPAxpUn1mrn14xU0JpsLhDg","Kompas.com","22","trending_date","tags","view_count","likes","dislikes","comment_count","thumbnail_link","comments_disabled","ratings_disabled","description"
"w6cbv7X0v1U","Vidi-O-Game : Episode Vidi O Game terancuur, with Isyana Sarasvati!","2021-03-26T10:00:17Z","UCnBgzvne3WyXz_aBgWD9vCg","Vidi Aldiano","22","trending_date","tags","view_count","likes","dislikes","comment_count","thumbnail_link","comments_disabled","ratings_disabled","description"
"tldQh33St1E","Woro Widowati, Galih Wicaksono Ft. Dangduters Band - Satru","2021-03-29T03:00:14Z","UCRvcjozVQBiOMQ4UyoAy-fA","WORO WIDOWATI OFFICIAL","10","trending_date","tags","view_count","likes","dislikes","comment_count","thumbnail_link","comments_disabled","ratings_disabled","description"
"Uj3k62W9Vjg","Putus atau Terus (KERONCONG) - Anji ft. Fivein #LetsJamWithJames","2021-03-26T09:45:12Z","UCtAzg-t2cwdmYxdLRPxF2Bg","James Adam","10","trending_date","tags","view_count","likes","dislikes","comment_count","thumbnail_link","comments_disabled","ratings_disabled","description"
"ncElaJzeZE8","Teh & Susu (ft. Cindy Gulla)","2021-03-27T01:03:54Z","UCInygZ-82gTaSSQmmIqKVOQ","Kevin Anggara","24","trending_date","tags","view_count","likes","dislikes","comment_count","thumbnail_link","comments_disabled","ratings_disabled","description"
"E4hxnWQl3gY","Eps 1 - PEMBICARAAN SERIUS! Siapa Dampingi Atta di Pelaminan?! #WOWpodcast","2021-03-30T12:30:18Z","UCaKLg1ELiX0zTJ6Je3c5esA","Atta Halilintar","24","trending_date","tags","view_count","likes","dislikes","comment_count","thumbnail_link","comments_disabled","ratings_disabled","description"
